,Mean,Standard Deviation
First Time,101.87470191155131,25.808701165796407
Second Time,0.00252765661697227,0.991233499173724
